{
    "value0": {
        "Values": {
            "value0": {
                "Color Gradient Begin": {
                    "value0": 1.0,
                    "value1": 0.4264705777168274,
                    "value2": 0.983131468296051
                }
            },
            "value1": {
                "Color Gradient End": {
                    "value0": 0.7050509452819824,
                    "value1": 0.2840253412723541,
                    "value2": 0.9656862616539002
                }
            },
            "value2": {
                "Background": {
                    "value0": 0.10757879912853241,
                    "value1": 0.2647075355052948,
                    "value2": 0.593137264251709
                }
            },
            "value3": {
                "Poulpe Body": {
                    "value0": 1.0,
                    "value1": 0.6372548937797546,
                    "value2": 0.8186274766921997
                }
            },
            "value4": {
                "Poulpe Elements": {
                    "value0": 1.0,
                    "value1": 0.27941179275512698,
                    "value2": 0.7032879590988159
                }
            }
        },
        "uuid": 1321899560
    }
}