{
    "value0": {
        "Values": {
            "value0": {
                "Color Gradient Begin": {
                    "value0": 0.22827759385108949,
                    "value1": 0.9313725233078003,
                    "value2": 0.830930233001709
                }
            },
            "value1": {
                "Color Gradient End": {
                    "value0": 0.9656862616539002,
                    "value1": 0.2840253412723541,
                    "value2": 0.6930224895477295
                }
            },
            "value2": {
                "Background": {
                    "value0": 0.9852941036224365,
                    "value1": 0.8234928846359253,
                    "value2": 0.6616926193237305
                }
            }
        },
        "uuid": 744553877
    }
}