{
    "value0": {
        "Values": {
            "value0": {
                "Stiffness": 85.12799835205078
            },
            "value1": {
                "Internal Damping": 15.0
            },
            "value2": {
                "Gravity": 3.565000057220459
            },
            "value3": {
                "Size": 0.04899999871850014
            },
            "value4": {
                "Number of Particles": 240
            }
        },
        "uuid": 1661986991
    }
}